Datapoints,Predicted,Real-Value
1,0.8308895,1
2,0.8308895,0.994527207
3,0.8308895,0.98861386
4,0.8308895,0.988567176
5,0.8308895,0.988234818
6,0.8308895,0.98878217
7,0.8308895,0.988504486
8,0.8308895,0.983446896
9,0.8308895,0.982917435
10,0.8308895,0.982830935
